,x_1,x_2,x_3,y
0,-0.318816202421763,0.101643770926634,-0.0324056810466571,10
1,-0.139291433607723,0.0194021034764948,-0.00270254680824635,6
2,-0.601141613767566,0.361371239803073,-0.217235290264405,7
3,0.3805535243487,0.144820984894217,0.0551121362011439,14
4,-0.449370296041409,0.201933662964344,-0.0907429899070133,5
5,0.447673165472174,0.200411263083877,0.0897187445410357,4
6,-0.502624678996262,0.252631567936096,-0.126978860738203,8
7,-0.923046236569982,0.852014354846008,-0.786448643744209,8
8,0.689690956526167,0.475673615513979,0.328067790878096,10
9,0.253310233254302,0.064166074271349,0.0162539232406883,13
10,-0.634891269076918,0.403086923550099,-0.255916368441033,15
11,-0.382011668222492,0.145932914658132,-0.0557480761771234,7
12,0.821591435306176,0.675012486568463,0.554584477689374,12
13,-0.581024298429531,0.337589235365529,-0.196147548635618,13
14,0.872145882344127,0.760638440089817,0.663387683476994,7
15,0.973531016019949,0.947762639152835,0.922676325040208,9
16,0.994931124879083,0.989887943253158,0.984870324885106,7
17,-0.313538503350835,0.0983063930834816,-0.0308228393572137,4
18,-0.159718148287274,0.0255098868923157,-0.00407439189745848,17
19,-0.890731085372564,0.793401866448986,-0.706707705638723,9
20,-0.186576100087513,0.0348106411238655,-0.00649483366243681,8
21,0.254655875219221,0.0648496147836674,0.0165143354103642,9
22,0.995024438748183,0.990073633706138,0.985147461697824,7
23,-0.0755406210648331,0.0057063854308607,-0.000431063899482532,9
24,-0.80183344658356,0.642936876060071,-0.515528291266914,12
25,-0.399901705976365,0.159921374442807,-0.0639528304617634,10
26,0.547045144739506,0.299258390383067,0.163707849481616,6
27,0.395616884354061,0.156512719186014,0.0619190743261529,7
28,-0.677828407982943,0.459451350668691,-0.311429177569372,13
29,-0.081795871739483,0.00669056463362195,-0.000547260566636462,12
30,-0.256196532413783,0.0656366632208468,-0.0168158855163922,5
31,0.498335712988335,0.248338482839592,0.12375593490831,9
32,0.845986841597999,0.715693736156957,0.605467483402896,3
33,-0.0860484770499957,0.00740434040262364,-0.000637132215205517,15
34,-0.848181973650888,0.719412660426316,-0.610192850189829,12
35,-0.993185249815663,0.986416940451401,-0.979694755424627,10
36,0.0656620905021856,0.00431151012911722,0.000283102768299185,9
37,0.0547280417320373,0.00299515855182361,0.000163919162218271,4
38,0.364423081902966,0.132804182623656,0.0483969095213171,7
39,-0.132911983612194,0.0176655953877281,-0.00234796932467337,11
40,0.853154172828076,0.727872042613958,0.620987070440993,8
41,-0.171422434385088,0.0293856510105098,-0.00503735983221221,8
42,0.381750297188072,0.145733289403181,0.0556337265398598,12
43,-0.242410364955334,0.0587627850377781,-0.0142447081667996,8
44,0.218272839100782,0.0476430322891159,0.0103991799211155,13
45,-0.125320350182033,0.0157051901697474,-0.00196817993174818,12
46,-0.606921818198299,0.368354093405129,-0.223562136110227,11
47,-0.850707688909425,0.723703571969615,-0.615660193165767,10
48,-0.496376130119128,0.246389262552041,-0.122301748648488,7
49,-0.578084559047256,0.33418175740886,-0.193185313873338,11
50,0.154405934400349,0.0238411925780449,0.00368122161723169,9
51,-0.82849350071067,0.686401480719822,-0.568679165654553,15
52,-0.52189058013381,0.272369777632404,-0.142147221259492,14
53,-0.106700191822004,0.0113849309348524,-0.00121477431462902,4
54,0.495276104004003,0.245298419197384,0.121490445378421,2
55,0.335217352411101,0.112370673357508,0.0376685996115565,9
56,-0.52019886427424,0.270606858392209,-0.140769380400447,9
57,-0.13400093537014,0.0179562506800724,-0.00240615438687042,17
58,0.819238249424141,0.671151309319532,0.549832823745654,9
59,-0.369965312917259,0.136874332761965,-0.0506387553506216,14
60,-0.389843658323658,0.151978077935173,-0.0592476898872458,8
61,0.304742437884141,0.0928679534475698,0.0283008065349234,2
62,-0.984152201859788,0.968555556425468,-0.953206083479657,8
63,-0.988620504281187,0.977370501485189,-0.966248518047844,13
64,0.744473416369741,0.554240667681233,0.412617443359694,14
65,0.580674179800777,0.337182503087305,0.195793173423393,7
66,0.970670183877291,0.942200605868374,0.91456603534755,18
67,-0.902562441127547,0.814618960134117,-0.735244477247432,14
68,0.39035638494913,0.152378107270553,0.0594817670995238,6
69,-0.0643018295662279,0.00413472528556422,-0.000265870400615523,9
70,0.629273138063722,0.395984682288564,0.249182523648891,7
71,-0.566546688192997,0.320975149902453,-0.181847408169485,16
72,0.0277936218261028,0.000772485414212417,2.14701674688003e-05,5
73,-0.441314150557396,0.194758179482196,-0.0859495405422899,12
74,-0.051568245717729,0.00265928396640408,-0.000137134609012742,8
75,0.411307617729742,0.169173956402515,0.0695825369898338,7
76,0.225982244794477,0.051067974962351,0.0115404556191003,3
77,0.590002316394914,0.348102733351364,0.205381419020705,6
78,0.114955713919453,0.0132148161627311,0.00151911862630108,4
79,0.174789571683809,0.0305513943694093,0.00534006513617219,9
80,-0.454221599299022,0.206317261269761,-0.093713756376945,9
81,-0.841489591807176,0.708104733119807,-0.595862762829716,7
82,0.111819708541266,0.0125036472182537,0.00139815418764795,4
83,-0.439858159901482,0.193475200831918,-0.0851016458244969,9
84,-0.231979829236057,0.0538146411723903,-0.0124839112695708,8
85,-0.997592246063488,0.995190289405995,-0.9927941160691,9
86,-0.601883825735193,0.362264139681633,-0.218040926318249,9
87,-0.0967183207710159,0.00935443357276513,-0.000904745106921859,5
88,0.835678248604913,0.698358135191375,0.583602703315721,7
89,0.602952325648582,0.363551507005033,0.219204226641731,8
90,-0.586493477429468,0.343974599067309,-0.201738858754393,9
91,0.239527053478792,0.0573732093482319,0.0137424357838039,11
92,-0.470321878068001,0.221202668989411,-0.104036454712754,2
93,-0.86746509494353,0.752495690945387,-0.652763745990538,12
94,0.842965699962829,0.710591171313823,0.599003984113964,14
95,-0.0747755563029544,0.0055913838204163,-0.000418098835674968,5
96,-0.208151501557338,0.0433270476005743,-0.00901859001610579,8
97,-0.00481779427003592,2.3211141628391e-05,-1.11826505138254e-07,4
98,0.256291843038564,0.0656855088081039,0.0168346601133548,3
99,0.203495089663462,0.0414102515171403,0.00842678284546698,9
100,0.735034911526834,0.54027632116326,0.39712195792628,10
101,0.573375335573349,0.32875927544385,0.188502459880469,7
102,0.351325658249672,0.123429718144565,0.0433640269747108,3
103,-0.263826459967101,0.0696044009787722,-0.0183634827083601,8
104,0.859065922852452,0.737994259806334,0.63398571986034,11
105,0.587670096447518,0.345356142258635,0.202955477429875,9
106,0.57496776964852,0.330587936134594,0.190077408312015,9
107,0.733284969377568,0.53770684631506,0.394292348334247,10
108,0.878311914175202,0.771431818582107,0.677557757234507,8
109,-0.379126879668288,0.143737190887012,-0.054494632673278,10
110,-0.258645911814435,0.0668977076983203,-0.0173028186059276,9
111,-0.435757400223583,0.189884511849616,-0.0827435812263129,7
112,-0.213306861158642,0.0454998170173522,-0.00970542315126396,9
113,0.209740312787549,0.0439909988082189,0.00922668584987253,13
114,-0.118401159617351,0.0140188345987335,-0.00165984627297389,9
115,0.626537935753475,0.392549784938226,0.245947331935667,7
116,-0.284246971106734,0.0807963405833524,-0.022966115087326,4
117,0.307296369423851,0.0944310586610801,0.0290183214874006,7
118,0.159849312038645,0.0255518025592283,0.00408443806043994,3
119,-0.93481471687279,0.873878554881954,-0.816914533863176,15
120,0.885008541918702,0.783240119269066,0.693174195926546,8
121,0.755377267004198,0.570594815506731,0.431014352304239,6
122,-0.241682135865401,0.0584102547964623,-0.0141167151356513,13
123,-0.63762632703216,0.406567332924523,-0.259238035183925,5
124,-0.119741760332972,0.0143380891676388,-0.00171686803674418,4
125,-0.171484833000086,0.0294070479490674,-0.00504286270657135,6
126,-0.165361836655586,0.0273445370221087,-0.00452174286447257,8
127,0.34333227273383,0.117877049500577,0.0404709953081912,7
128,-0.632243505852735,0.399731850692958,-0.252727866683118,13
129,-0.0409737953561109,0.00167885190588445,-6.87889344249264e-05,4
130,-0.204046843362985,0.0416351142863987,-0.00849551364319679,8
131,-0.727811510018906,0.529709594116001,-0.385528739565069,16
132,-0.811608185897723,0.658707847416193,-0.53461268107805,15
133,-0.458015120303864,0.209777850426963,-0.0960814274003913,14
134,0.574911987149357,0.330523792968023,0.190022090615389,9
135,-0.713086709066041,0.508492654646637,-0.362599353686226,10
136,0.137935268628613,0.0190261383316475,0.00262437550174094,6
137,0.119098015242456,0.0141843372346923,0.00168932641218152,3
138,0.164614275170875,0.0270978595900327,0.00446069451509539,12
139,-0.381477677639146,0.145525218536956,-0.055514622405407,11
140,-0.797131369148054,0.635418419679851,-0.506511954861293,15
141,-0.0948999515554848,0.00900600080523336,-0.000854669040125303,3
142,-0.65653230271385,0.43103466450675,-0.282988180838108,13
143,-0.503977835803336,0.253993658981015,-0.128007174561022,6
144,-0.553728893222606,0.306615687189532,-0.169781965112149,7
145,-0.617340284907848,0.381109027370103,-0.235273955537612,3
146,-0.899510720445738,0.809119536196811,-0.727811696931115,13
147,0.885596486814924,0.784281137458937,0.694556620008847,14
148,-0.24787760028498,0.0614433047230401,-0.0152304189283259,4
149,-0.665495107524367,0.442883738138868,-0.29473696093352,25
150,-0.0351614677458472,0.00123632881404225,-4.34711357182081e-05,11
151,-0.938419116057476,0.880630437382095,-0.826400436621414,10
152,0.221894652155666,0.0492372366552839,0.0109254795007304,5
153,-0.273857415445027,0.07499788399423,-0.0205387266745058,6
154,0.740406310965746,0.548201505317905,0.405891854218299,6
155,-0.186345811013942,0.0347247612824439,-0.00647081380344257,10
156,0.189172966530954,0.0357864112661215,0.00676982158070895,5
157,0.794598828226095,0.631387297818283,0.501699607003248,3
158,-0.442601874500402,0.195896419311269,-0.0867041223950846,8
159,-0.386704058971512,0.149540029225042,-0.0578277362800424,8
160,0.277409573950443,0.0769560717193664,0.0213483510685692,6
161,-0.149595205143647,0.0223787254019699,-0.00334775001736103,9
162,-0.370606755778278,0.1373493674285,-0.050902603470875,9
163,-0.783408085523683,0.613728228463883,-0.480799656492732,10
164,0.318661206124753,0.101544964288882,0.0323584407961901,3
165,-0.365702600893762,0.133738392300462,-0.0489084779036292,9
166,0.0631960944434926,0.00399374635291084,0.000252389171701907,3
167,0.918650352863563,0.843918470816348,0.775266001003516,8
168,0.146800276182975,0.0215503210873979,0.00316359308746181,6
169,0.232541130854998,0.0540753775393214,0.0125747494444048,13
170,-0.990457922769422,0.981006896776719,-0.971646053203946,6
171,0.703785182221572,0.495313582714651,0.34859436006765,8
172,-0.962785418517676,0.926955762110257,-0.892459491370695,3
173,-0.181486752632941,0.0329374413812502,-0.00597770927632093,7
174,0.762634523951713,0.581611417123057,0.443556946222524,11
175,0.312673225481947,0.0977645459332842,0.0305683559147379,12
176,0.801234247584895,0.641976319502933,0.514373413324252,16
177,0.0159294825838578,0.00025374841538943,4.04208096362746e-06,8
178,-0.803209611715761,0.645145680352584,-0.5181872114161,11
179,-0.527461879589465,0.278216034420051,-0.146748352447128,13
180,0.52371661506576,0.274279092895937,0.143644518114767,2
181,-0.427893410808795,0.183092771013584,-0.0783441902834361,10
182,-0.0535364647415169,0.00286615305701968,-0.000153443702080925,4
183,-0.452001166004734,0.204305054069639,-0.0923461226601373,14
184,-0.747593934784214,0.558896691326144,-0.41782777660639,4
185,-0.719930630137229,0.518300112209787,-0.373140126383388,7
186,-0.0739073522184195,0.00546229671193752,-0.000403703887010681,4
187,0.63796040921686,0.406993483728144,0.259645729427802,8
188,-0.354628366650101,0.125761278432918,-0.0445985167584943,7
189,-0.412219421682353,0.169924851612134,-0.0700463240610135,7
190,0.688861474041867,0.474530130419134,0.326885525117805,9
191,0.388175574775366,0.150680276852186,0.0584904030744084,3
192,0.156691299507139,0.024552163341236,0.00384711037964982,11
193,0.846955898608178,0.717334294187186,0.60755051173577,8
194,-0.65381963096023,0.427480109828971,-0.279494887651216,9
195,0.716008196387768,0.512667737294465,0.367074301926408,7
196,-0.293930038473561,0.0863948675170691,-0.0253940467332104,8
197,0.517882592295251,0.268202379402449,0.138897343504695,15
198,0.528601529756436,0.279419577260844,0.147701615983979,4
199,0.518600145634083,0.268946111051693,0.139475492359128,2
200,-0.889780869950147,0.79170999652924,-0.704448409460015,15
201,-0.906530939956038,0.821798345097577,-0.744985626235623,16
202,0.407309512155418,0.165901038692285,0.0675730711358317,1
203,-0.149192243269893,0.0222583254519029,-0.00332076950560075,4
204,-0.513826152397808,0.264017314887936,-0.135659001075269,18
205,0.276791346168171,0.0766134493135885,0.0212059397700951,8
206,0.465027146969146,0.216250247418264,0.100562235588287,5
207,-0.88391685672889,0.781309009609481,-0.690612203907974,6
208,-0.111410075603643,0.0124122049460094,-0.00138284469144281,10
209,0.282153030980919,0.0796103328917193,0.0224622967227985,14
210,0.23164015352775,0.0536571607263598,0.0124291529485172,4
211,0.600622146229029,0.360746962540765,0.216672614886837,6
212,-0.15351466611133,0.0235667527112732,-0.00361784217379939,8
213,0.793228913199942,0.629212108736361,0.499109237185187,10
214,-0.678519784637122,0.460389098144007,-0.31238311172195,2
215,-0.215807404629624,0.0465728358929742,-0.0100507628403042,7
216,-0.983241929932873,0.96676469277812,-0.95056358231812,8
217,0.803904416568475,0.6462623109783,0.519533126057204,4
218,-0.879396102217988,0.773337504596189,-0.680069987240874,19
219,0.368467440683488,0.13576825484384,0.0500261813883731,3
220,0.722472513156308,0.521966532266391,0.377106472349983,1
221,0.343918905396492,0.118280213489121,0.040678801553242,9
222,-0.351179875527261,0.123327304975343,-0.0433100676103535,8
223,0.616566770255911,0.380154582183806,0.234390682935054,7
224,-0.503522818583512,0.253535228834284,-0.127660773032854,5
225,-0.017629502115835,0.000310799344852232,-5.47923770767256e-06,3
226,-0.922588902219499,0.851170282498581,-0.785280256532227,14
227,0.101597529248049,0.0103220579493082,0.0010486955844049,9
228,0.753226067301557,0.56734950846257,0.427342439044733,11
229,0.388813147990932,0.151175664050618,0.0587790858391405,9
230,0.5527526026297,0.305535439713908,0.168885509497472,7
231,0.525473143528537,0.276122024569763,0.145094708248137,4
232,0.435387655833428,0.189562410852128,0.082533133695041,1
233,0.54373013915531,0.295642464225852,0.160749718213741,7
234,0.767367356453833,0.588852659750943,0.45186630885389,17
235,0.895748729367922,0.802365786164248,0.718718133444919,5
236,-0.771016273790691,0.594466094450081,-0.458343033037807,6
237,0.0100533202591284,0.000101069248232602,1.0160815208317e-06,9
238,-0.0893980263211905,0.00799200711012428,-0.000714469661990032,6
239,0.779156029693512,0.607084118607756,0.473013251544404,20
240,-0.326489271632432,0.106595244491076,-0.0348022037333723,12
241,0.0849001795525735,0.00720804048805921,0.000611963931658446,6
242,0.91696806012618,0.840830423291571,0.771014642140747,9
243,0.326258681741658,0.106444727411804,0.0347285164437254,3
244,0.25865238543791,0.0669010564927212,0.0173041178501587,5
245,0.694472139573006,0.482291552643109,0.334938046462047,6
246,0.455022934420021,0.207045870848207,0.0942106197129,5
247,-0.505346782253973,0.255375370334444,-0.129053121665428,3
248,0.0592354196562646,0.00350883494185377,0.000207847310285273,8
249,-0.82161647112063,0.675053625616717,-0.554635177696393,7
250,-0.473822226165194,0.22450750200814,-0.106376644392284,23
251,0.431262172334151,0.185987061286371,0.0802091840764051,8
252,-0.648779418224017,0.420914733511094,-0.273080815929245,10
253,0.722307460437734,0.521728067404009,0.376848075405677,10
254,0.845482821907626,0.714841202140882,0.604385956801913,7
255,-0.261464771109619,0.0683638265314056,-0.0178747322562117,9
256,-0.78455244445778,0.615522538104677,-0.482909711888882,7
257,-0.681947315413258,0.465052140999349,-0.317141059081694,8
258,-0.719699515911824,0.517967393203714,-0.372780882146823,11
259,0.406019495296141,0.164851830560533,0.0669330570428328,8
260,0.986829569035835,0.973832598323452,0.96100680331658,11
261,-0.582538135395515,0.339350679190084,-0.197684711900593,21
262,0.784392643467415,0.615271819125799,0.482614688655091,11
263,-0.169376462961722,0.0286883862054236,-0.00485913738355451,8
264,-0.751476812468379,0.564717399677635,-0.42437203145518,11
265,-0.59746309527281,0.356962150212967,-0.213271711161477,18
266,0.484518742965819,0.234758412285178,0.113744850821066,10
267,-0.230883237838726,0.0533070695148936,-0.0123077088092927,12
268,0.970517684456204,0.941904575842231,0.914135047925105,22
269,-0.471871659430192,0.222662862973403,-0.105068294644737,6
270,-0.904032235847214,0.817274283450913,-0.738842297768559,18
271,0.0471082935348681,0.0022191913197673,0.000104542316101629,8
272,0.00911546535041641,8.30917085546421e-05,7.57419590236739e-07,9
273,-0.242374515554033,0.0587454057900523,-0.014238389269389,7
274,-0.225858686223555,0.0510121461426302,-0.0115215363092184,3
275,-0.418121892008224,0.174825916576537,-0.0730985430110535,8
276,-0.0405576301216876,0.00164492136108762,-6.67141121422545e-05,5
277,0.714850034321241,0.511010571569079,0.365295924624673,8
278,-0.355812203418393,0.126602324101452,-0.0450466518964273,7
279,0.564237689843607,0.31836417064005,0.179633064170918,18
280,0.0587093956065401,0.00344679313248523,0.000202359141588981,13
281,-0.164317497113396,0.0270002398576108,-0.00443661183486397,8
282,-0.721528027230599,0.52060269407928,-0.375629434829958,9
283,0.941745109385848,0.886883851052162,0.835218529321661,7
284,-0.237382978394132,0.056350678431269,-0.0133766918805446,10
285,0.733084757367749,0.537413261484932,0.393969470401892,3
286,0.768348108082049,0.590358815193264,0.453601078743305,7
287,0.705419725117318,0.497616988584593,0.351028839301051,10
288,0.77793727112124,0.605186397799562,0.470797054823884,5
289,0.515782705674559,0.266031799472969,0.13721460132764,6
290,-0.632190991364618,0.399665449562578,-0.252664896773152,3
291,-0.259877421124586,0.0675362740103654,-0.0175511527221772,12
292,-0.22390118299774,0.0501317397477873,-0.0112245558352644,9
293,0.84311621101014,0.710844945268096,0.599324896870148,10
294,0.664277283068675,0.4412643088011,0.293121856165572,3
295,-0.835884115605631,0.698702254721808,-0.584034116259799,20
296,0.801623722044583,0.642600591744612,0.515123878142367,12
297,0.479673892842585,0.230087043474759,0.110366747836179,2
298,0.413726916341351,0.171169961305323,0.0708176202611197,8
299,-0.901593678415314,0.812871160958456,-0.732879500086261,4
300,0.389732058866395,0.151891077708239,0.0591968224386678,4
301,0.491460159544634,0.241533088419637,0.118703890170023,9
302,0.134368677416679,0.0180549414707077,0.00242601860625455,7
303,-0.78878775883268,0.622186128484282,-0.490772801863898,12
304,-0.949573458015601,0.901689752167706,-0.856220656023119,6
305,0.638600651603032,0.407810792227817,0.260428237647432,7
306,-0.4032467839677,0.162607968780293,-0.0655711404581731,9
307,-0.96032844231848,0.922230717125837,-0.88564438803571,6
308,0.340844532154794,0.11617499509982,0.0395976118528837,9
309,0.0968078981737974,0.00937176914882833,0.000907261273468109,8
310,0.242936841627848,0.0590183090201139,0.0143377215915628,2
311,0.708758778382677,0.502339005934505,0.356037180180108,5
312,0.882098280759739,0.778097376919287,0.686358358444166,5
313,-0.333784991272497,0.111412420398781,-0.0371877937704547,3
314,0.946391989192791,0.895657797208287,0.847643364335984,5
315,0.205763844631468,0.042338759757523,0.00871178598463602,8
316,-0.886834449259454,0.786475340393319,-0.69747342535385,7
317,-0.0546279767053229,0.00298421583891731,-0.00016302167333203,7
318,0.823788105904021,0.678626843428934,0.559044721963946,8
319,0.608167760214967,0.36986802456489,0.224941808074764,12
320,-0.331256128143532,0.109730622432644,-0.0363489411258174,4
321,0.909882365842296,0.827885919670773,0.753278799237568,8
322,-0.548212406759275,0.300536842924796,-0.164758025979637,11
323,-0.0376445181842096,0.00141710974932128,-5.33464137273457e-05,6
324,0.796867676326362,0.634998093573776,0.506009455297805,6
325,0.589330065381893,0.347309925963026,0.20468018137557,9
326,0.78702029012318,0.619400937065574,0.487481105191918,9
327,0.901347378043399,0.812427095905711,0.732279032746026,4
328,-0.677166755421246,0.458554814647738,-0.310518076017799,11
329,-0.512386151619818,0.262539568371768,-0.134521639085938,9
330,0.571675520932346,0.326812901233269,0.186830935559941,4
331,-0.108664699525183,0.0118080169228983,-0.00128311461091502,10
332,0.858543889520119,0.737097610232335,0.632830649244853,8
333,-0.797475453737606,0.635967099314,-0.507168151087621,8
334,0.934686717755654,0.873639260348837,0.816579012757932,17
335,-0.209964338716554,0.0440850235326798,-0.00925628281334285,7
336,-0.984319689986991,0.968885252096087,-0.953692830976188,19
337,-0.208466150764417,0.0434581360145328,-0.00905955033434614,9
338,-0.961875671856714,0.925204808109806,-0.889931996405682,15
339,0.15003910423413,0.0225117327993803,0.00337764022397711,5
340,-0.231247265770689,0.0534752979264197,-0.0123660164317576,7
341,0.359790564953344,0.129449250629447,0.0465746190167556,5
342,-0.599828250513053,0.35979393011355,-0.215814563645227,7
343,0.00676729929726005,4.57963397786964e-05,3.09917538001455e-07,7
344,-0.179008220971891,0.0320439431755214,-0.00573612926077446,8
345,-0.984827953714507,0.969886098417503,-0.955170941640656,10
346,0.590961928862485,0.349236001364869,0.206385180994804,4
347,-0.58429869182859,0.341404961272601,-0.199482472255371,10
348,-0.232632860544336,0.0541180478050405,-0.0125896362679617,7
349,-0.638853433980325,0.408133710108453,-0.260737622225916,24
350,0.880839253660373,0.775877790788963,0.68342361417021,7
351,0.595176213972808,0.354234725679006,0.210832082887327,12
352,0.309979294733246,0.0960871631633209,0.0297850310702846,1
353,0.887750434850593,0.788100834577417,0.699636858602217,15
354,0.898409060790753,0.807138840510922,0.725140847631155,9
355,-0.31094470934069,0.0966866122669663,-0.0300641905484878,3
356,-0.50173722819863,0.251740246160444,-0.126307453334582,5
357,-0.531896265103984,0.282913636831568,-0.150480706777696,9
358,0.747505207678977,0.558764035507191,0.417679026405346,11
359,0.144956230403034,0.0210123087326574,0.00304586506595077,9
360,-0.891380386733782,0.794558993853667,-0.708254303224087,15
361,0.715687431185096,0.512208499156322,0.366581184992361,11
362,0.729601512079001,0.532318366427965,0.388380285053267,7
363,-0.299955927671962,0.0899735585455475,-0.0269881022194773,11
364,0.27041433437524,0.0731239122356043,0.0197737540541044,5
365,-0.208396262452974,0.0434290022043689,-0.00905044174145247,13
366,-0.797977653623595,0.636768335682618,-0.508126902409817,1
367,0.345912054063956,0.119655149146745,0.0413901584206795,7
368,-0.888505731900918,0.789442435620786,-0.701424129054889,9
369,0.359768817639033,0.129433602145388,0.0465661740066073,2
370,0.65318279442085,0.42664776292743,0.278678978022343,8
371,-0.0426977722309569,0.00182309975348668,-7.78422980286879e-05,6
372,0.0316448866955286,0.00100139885397284,3.16891532710027e-05,5
373,0.762860965731574,0.581956853036909,0.443952166921844,9
374,0.0984564584061762,0.00969367420188711,0.000954404830861122,6
375,-0.982327604889951,0.964967523328827,-0.947914235988194,12
376,-0.392060702534961,0.153711594472207,-0.0602642757165424,7
377,0.776714751868261,0.603285805769775,0.468580984934115,12
378,-0.623731706124231,0.389041241224644,-0.242657357141735,5
379,0.944413291858296,0.891916465838624,0.842337765565272,19
380,0.541327892129402,0.293035886797262,0.158628498918232,15
381,-0.273971566726246,0.075060419374434,-0.0205644206951428,12
382,-0.816054177554631,0.665944420704366,-0.543446726534996,5
383,0.016934917055258,0.000286791415668467,4.85678883650549e-06,7
384,0.614783633906111,0.377958916518804,0.232362956164647,13
385,0.399226959018744,0.159382164807354,0.0636296569778641,13
386,-0.995998687881924,0.992013386262514,-0.988044031078768,6
387,-0.507836411555266,0.257897820901329,-0.130969903914454,14
388,0.270897342496166,0.073385370171485,0.0198799017575527,7
389,-0.416707558481418,0.173645189295545,-0.0723592628733902,18
390,-0.912584030293965,0.832809612347577,-0.760008752503706,11
391,0.244883844191213,0.0599680971458664,0.0146852181579119,9
392,-0.603715016469123,0.364471821110313,-0.220037111484144,11
393,0.539058792572029,0.290584381849214,0.156642066019927,10
394,-0.318006121250115,0.101127893152543,-0.0321592890516361,8
395,0.754885807130569,0.569852581807171,0.430173626162945,8
396,0.764300580942002,0.584155378028282,0.446470294787411,8
397,0.0890487328442704,0.00792967682117024,0.000706127672789792,11
398,-0.857996693713458,0.736158326423226,-0.63162141012076,8
399,-0.186232519343494,0.0346825512610248,-0.00645901889860052,8
400,0.378529025499474,0.143284223145582,0.0542372373567463,5
401,0.224638815652085,0.0504625974975713,0.0113358581365823,5
402,0.708014807146636,0.501284967138888,0.354917179334347,5
403,0.315434994701021,0.0994992358820332,0.0313855409432048,6
404,-0.544161687976637,0.296111942661582,-0.161132774548768,6
405,0.0418839275846341,0.00175426338991487,7.34754407875693e-05,5
406,0.649823267890513,0.422270279491906,0.274401052952471,11
407,0.432832090753857,0.187343618786355,0.0810883302086916,7
408,-0.493305917095537,0.243350727841469,-0.120046353973702,8
409,0.566483702844753,0.320903785588703,0.181786764717187,10
410,0.601407749448468,0.361691281096671,0.217523939359482,12
411,0.195259535122812,0.0381262860563766,0.00744452089132744,3
412,0.733881760907281,0.538582438992371,0.39525582872146,5
413,0.452535177077178,0.204788086492273,0.0926738129840774,5
414,0.0612936267961057,0.00375690868582029,0.000230274558895717,5
415,0.469323502090676,0.220264549614657,0.103375329811576,5
416,-0.200139641394843,0.0400558760576563,-0.00801676866993562,7
417,-0.297542585799779,0.0885315903644188,-0.026341918321996,9
418,-0.8590411301132,0.737951663226164,-0.633930830746719,13
419,0.576562831916103,0.332424699147116,0.19166372593912,2
420,-0.800654472250624,0.641047583934925,-0.513257615002955,28
421,-0.84659248255517,0.716718831518926,-0.606768774869649,13
422,0.502029847900647,0.252033968183147,0.126528574712782,8
423,0.635092747685488,0.403342798162703,0.256160085944305,2
424,0.637704858017442,0.406667485939046,0.259333831381069,7
425,-0.249988378723618,0.062494189496863,-0.0156228211119673,3
426,-0.635083725963347,0.403331338983487,-0.256149169559419,14
427,-0.578503642115422,0.334666463940808,-0.193605768283647,14
428,0.0512044180201272,0.00262189242477993,0.000134252475722236,5
429,0.578667077126619,0.334855586150264,0.193769903297094,11
430,-0.3353932466562,0.112488629902586,-0.0377279267949361,2
431,-0.506206723644295,0.256245247062692,-0.129713066965028,14
432,-0.761820326334121,0.580370209615826,-0.442137822484131,15
433,0.873850236251541,0.763614235396873,0.667284480006597,6
434,-0.525107449460421,0.275737833478829,-0.14479199045781,15
435,-0.934877449832606,0.873995846205516,-0.817079007864903,19
436,-0.726267335218839,0.527464242205873,-0.383080049610084,17
437,-0.524222464805065,0.274809192606297,-0.144061152299163,11
438,0.251334290772094,0.0631689257179115,0.0158765171441464,4
439,0.234763819812652,0.0551140510930274,0.0129387851599488,4
440,-0.694970416728154,0.482983880127304,-0.335659508445053,7
441,0.442272612841541,0.195605064069684,0.0865107627711362,8
442,0.326105726903813,0.106344945119464,0.0346796956307291,5
443,0.0293276740807016,0.000860112466983855,2.52250981044507e-05,7
444,0.343600553250708,0.118061340194192,0.0405659418082445,5
445,-0.671841104411676,0.451370469577101,-0.303249234779496,13
446,-0.0209885434270906,0.000440518955190866,-9.24585122148005e-06,17
447,0.841206855300716,0.70762897340492,0.595262343437626,16
448,-0.223237299918387,0.0498348920748519,-0.0111250067485142,5
449,-0.175336985419961,0.0307430584561596,-0.00539039519229267,8
450,-0.542799783256269,0.294631604703052,-0.159925971173263,8
451,0.572209318731912,0.327423504443639,0.18735478041451,3
452,0.849831687791983,0.722213897575371,0.613760255523304,14
453,-0.708171330812729,0.501506633785072,-0.355152620258986,12
454,0.158296411677027,0.0250577539498228,0.00396655253494279,10
455,0.147049770991448,0.0216236351486374,0.00317975059660977,6
456,-0.165815075049222,0.0274946391135791,-0.00455902564806938,5
457,0.708338580521344,0.501743544654993,0.355404310206665,7
458,0.0633911338875246,0.00401843585554607,0.00025473320533735,8
459,0.0592231541374657,0.00350738198599002,0.000207718223975258,5
460,-0.405636528918865,0.164540993593345,-0.0667438375060657,12
461,-0.954497789073181,0.911066029345591,-0.869610510710049,9
462,0.275558578641171,0.0759325302627426,0.0209238601118291,9
463,0.622835884598962,0.387924539144172,0.241613323495505,13
464,0.183010515635323,0.0334928488331068,0.0061295435350428,5
465,-0.308703514071415,0.0952978596000405,-0.0294187841420169,9
466,-0.240849157196017,0.0580083165220316,-0.0139712541446911,6
467,0.585666964932978,0.343005793813806,0.200887162217358,6
468,-0.287006657888448,0.0823728216722967,-0.023641548249007,5
469,0.459077227618844,0.210751900918204,0.0967513983889303,3
470,-0.944912488228862,0.89285961041086,-0.843674196112378,13
471,0.269720317421456,0.0727490496299312,0.0196218967582943,11
472,-0.721962231252693,0.521229463355366,-0.376307986358684,13
473,-0.679547745939859,0.461785139011944,-0.313805050324091,15
474,0.304349569684855,0.0926286605673566,0.0281914929841595,10
475,0.456985811377307,0.208836031800176,0.0954351034370205,7
476,-0.14674859336595,0.021535149654885,-0.00316025291977959,6
477,0.606817302380823,0.368227238468739,0.22344665951074,11
478,0.149107217240716,0.02223296223327,0.00331509512962082,5
479,-0.573777920261445,0.329221101779549,-0.188899799085251,14
480,0.0408084138806553,0.00166532664345486,6.79593389125882e-05,10
481,-0.20378686093058,0.0415290846879394,-0.00846308180587538,8
482,-0.340694535197564,0.116072766313484,-0.0395453571682681,9
483,0.139690799644873,0.019513519505424,0.0027258591435985,16
484,0.794318201165351,0.630941404702559,0.501168241624076,11
485,0.366058061589018,0.133998504454309,0.0490512327963719,6
486,-0.383247385248204,0.146878558299586,-0.0562908234173421,10
487,0.31469169401726,0.0990308622834529,0.0311641898119698,5
488,0.0965551679505707,0.00932290045796292,0.000900174219505063,9
489,-0.252591363025297,0.0638023966749774,-0.0161159343404132,12
490,-0.935125597017259,0.874459882196885,-0.817729819407004,12
491,-0.667228027890255,0.445193241202319,-0.297045408357494,6
492,0.00285058386863679,8.12582839213229e-06,2.31633553339232e-08,6
493,-0.0110462740762064,0.000122020170966669,-1.34786825132339e-06,12
494,0.0356920813534032,0.00127392467133795,4.54690230075016e-05,11
495,-0.0377141494506117,0.00142235706878307,-5.36429870642188e-05,3
496,0.964979159174584,0.931184777641287,0.898573903764461,22
497,-0.378636042849487,0.143365252944718,-0.0542832520571038,12
498,0.265397106681089,0.0704356242346935,0.0186934108791641,11
499,-0.815385839959226,0.664854068006012,-0.54211259269139,8
500,-0.334686275936207,0.112014903300047,-0.0374898508348469,10
501,-0.563906912922857,0.317991006442186,-0.179317326780045,5
502,-0.270467585539544,0.0731527148275907,-0.0197854381550813,13
503,0.0996739243026625,0.0099348911858929,0.000990249592017878,8
504,-0.851699887423865,0.725392698237824,-0.617816879427248,15
505,0.645186750910273,0.416265943550155,0.268569271633724,10
506,0.0911135840396249,0.00830168519654579,0.000756396291825984,6
507,0.4535948601594,0.205748297163026,0.0933263700796973,12
508,0.100586234894775,0.0101175906503069,0.00101769034972095,7
509,-0.153482701256644,0.0235569395850363,-0.00361558272085093,10
510,0.694993942868653,0.483016580624117,0.33569359783889,5
511,0.232444232325165,0.0540303211412351,0.0125590365199565,12
512,-0.690763307458556,0.477153946931083,-0.329600438549019,13
513,-0.783100544170778,0.613246462280568,-0.480233638322717,5
514,-0.205360547481574,0.0421729544619317,-0.00866066101721777,12
515,-0.301456007140324,0.090875724240987,-0.0273950329756731,6
516,0.305398323696226,0.0932681361164648,0.0284839324242398,9
517,0.517320708599678,0.267620715546073,0.138445738202247,10
518,-0.979484005940903,0.959388917894039,-0.939706100554162,11
519,0.763794185447646,0.583381557723633,0.445583441686702,5
520,0.181970405229114,0.0331132283792478,0.00602562758661591,5
521,-0.918814653073466,0.844220366702513,-0.775682043349323,13
522,-0.0314665644923805,0.000990144680953141,-3.11564514599995e-05,9
523,-0.52652149893383,0.277224888839527,-0.145964864013552,11
524,0.536202476412716,0.287513095711129,0.154165233921394,9
525,-0.681057118145242,0.463838798176303,-0.315900715169905,5
526,0.442328557390839,0.195654552683461,0.086543596035425,8
527,-0.304321751078437,0.0926117281794464,-0.0281837632899694,10
528,-0.791199609657361,0.625996822321961,-0.495288441467884,11
529,-0.589731260536652,0.347782959654149,-0.205098483190009,11
530,-0.956770721023102,0.915410212607067,-0.875837689147975,5
531,0.171305843969948,0.0293456921782562,0.00502708856547847,6
532,0.879089536891179,0.772798413871548,0.679358999760577,12
533,0.576436952489232,0.332279560195073,0.19153821705331,7
534,-0.372536971251564,0.138783794949289,-0.0517020946292061,18
535,-0.64659860339364,0.418089753910606,-0.270336250971789,12
536,-0.443234928938655,0.196457202231255,-0.0870766940704572,7
537,0.697799593215233,0.486924272291345,0.339775559131524,10
538,-0.975821743682339,0.95222807544324,-0.9292048609623,7
539,0.0441960821863558,0.00195329368062312,8.63279280429089e-05,7
540,-0.948366448078078,0.899398919840231,-0.85295975901414,14
541,-0.00302825693992437,9.17034009420009e-06,-2.77701460317281e-08,5
542,-0.0171428636993683,0.000293877775815121,-5.03790665507215e-06,12
543,-0.74181274594548,0.550286150047173,-0.40820928002226,8
544,-0.214749418417201,0.0461173127105262,-0.00990366608354972,10
545,0.552187975257712,0.304911560019212,0.168368496959679,8
546,-0.512636478099384,0.26279615867814,-0.134718897242809,9
547,0.672474034984022,0.452221327727692,0.304107100962872,5
548,-0.648715142062633,0.420831335541343,-0.27299965962011,19
549,-0.35205039487981,0.12393948053503,-0.0436329430635557,5
550,-0.148875996844534,0.0221640624364536,-0.00329969688935151,7
551,0.874919098449425,0.765483428831555,0.669736071431278,12
552,0.462348861509004,0.213766469738672,0.0988346839124738,8
553,-0.403790814208803,0.163047021639408,-0.0658368896220968,9
554,-0.322314702774894,0.103886767624868,-0.0334842326292538,6
555,0.71794994536028,0.515452124042829,0.37006882429239,6
556,-0.985320762143277,0.970857004310609,-0.956605563419468,13
557,0.774695377156047,0.600152927386949,0.464935698433338,13
558,-0.951517521324803,0.905385593388098,-0.861490255663829,13
559,0.195389008523642,0.038176864651852,0.00745933973286666,11
560,-0.725822327854447,0.526818051612049,-0.382376304576801,13
561,0.776457319397167,0.602885968845434,0.46811522327189,16
562,0.83682610931203,0.70027793722631,0.586010861646147,10
563,0.887183031205898,0.787093730859686,0.698296201987256,9
564,0.905901081816989,0.82065677003719,0.743433855777126,5
565,0.15038628640269,0.0226160351379918,0.00340114153755533,5
566,0.174354491287138,0.0303994886319965,0.00530028737582087,5
567,-0.175574551848421,0.0308264232567737,-0.00541233544839778,17
568,-0.406492668650285,0.16523628966643,-0.0671673403443789,13
569,-0.626461261825482,0.392453712567975,-0.245857047983428,25
570,0.405962371692417,0.164805447230132,0.066904810225374,11
571,0.469121708695063,0.220075177568976,0.103242043342527,6
572,-0.667315941019529,0.445310565138779,-0.297162838821523,11
573,0.32644161585438,0.106564128561619,0.0347869663197687,7
574,0.0933097023631606,0.00870670055510162,0.000812419637361697,20
575,-0.635786609108396,0.404224612321552,-0.257000595586076,4
576,0.536909930489144,0.288272273457858,0.154776246304206,14
577,-0.905316138573544,0.819597310761712,-0.741994672564055,13
578,-0.129805382882833,0.0168494374253589,-0.00218714767635904,16
579,-0.0175207674069265,0.000306977290527619,-5.37847770654293e-06,5
580,-0.0866524919178869,0.00750865435557946,-0.000650643610861056,10
581,-0.746856113071379,0.557794053632089,-0.41659189878999,13
582,-0.677629016468346,0.459181083959858,-0.311154426304587,7
583,-0.873799965319595,0.763526379392525,-0.667169323833784,15
584,0.658171390463943,0.43318957922524,0.285112987693166,3
585,-0.184101926084964,0.0338935191881937,-0.00623986216434415,9
586,-0.811475654033435,0.658492737088991,-0.534350824505555,3
587,0.732131500245681,0.536016533651992,0.392434588939123,4
588,0.410358850513986,0.16839438619516,0.069102126752054,7
589,-0.0147526307351544,0.000217640113607823,-3.21076422921327e-06,4
590,-0.0628719885866116,0.00395288694883502,-0.000248525863131321,9
591,0.3663576857684,0.134217953921578,0.0491717789872789,7
592,-0.741358976697955,0.549613132330639,-0.407460629364401,8
593,0.0509721759630399,0.00259816272240711,0.000132434007467146,7
594,-0.835468545486357,0.698007690497088,-0.583163469917893,11
595,-0.158476016311412,0.0251146477459348,-0.00398006932584011,7
596,0.772862149619565,0.597315902314575,0.461642852264792,4
597,0.475484975097565,0.226085961543532,0.107500477794435,5
598,0.589499525119066,0.347509690115604,0.204856797297422,2
599,0.659484891554201,0.434920322188257,0.286823381513041,14
600,0.0166264928085162,0.000276440263111642,4.59623204661006e-06,4
601,-0.957069685826075,0.915982383527221,-0.876658972024617,8
602,0.351189586428136,0.123334125615565,0.043313660567406,5
603,-0.924008968036981,0.853792573012766,-0.788911994307165,10
604,-0.682766634373893,0.466170277014254,-0.318285511082168,14
605,0.282270121516301,0.0796764215008276,0.0224902731790227,6
606,0.0575982336669454,0.00331755652155204,0.000191085395731653,15
607,0.964859117277844,0.93095311619418,0.898238601918175,15
608,0.74596481963665,0.556463512135539,0.415102203464564,2
609,0.495926197920764,0.245942793784145,0.121969474627382,12
610,-0.0863052911228757,0.00744860327580432,-0.000642853874177097,8
611,0.145360860275586,0.0211297797000584,0.00307144295463411,5
612,-0.171060273754962,0.0292616172571224,-0.00500550025851627,3
613,-0.0271835505672662,0.000738945421443117,-2.00871602302488e-05,7
614,-0.442263925464217,0.195597379767019,-0.086505664986277,9
615,-0.387501749827131,0.150157606119088,-0.0581863351209998,13
616,-0.616026320018928,0.379488426956063,-0.233774859147515,12
617,0.276117497936871,0.0762408726669181,0.021051439001313,5
618,0.048096445452559,0.00231326806517098,0.000111259971313643,7
619,0.845963336877919,0.715653967341624,0.605417018262242,6
620,-0.929640645137567,0.864231729091791,-0.803424942181248,8
621,-0.0198054116700149,0.000392254331418764,-7.76875851309508e-06,8
622,-0.437034035839572,0.190998748482224,-0.0834729538894939,12
623,0.134257766206827,0.018025147786847,0.00242001607741001,5
624,-0.72965270408901,0.532393068584405,-0.388462042130857,4
625,0.218706648242088,0.0478325979852883,0.0104613071820737,7
626,-0.149251466074784,0.0222760001254725,-0.00332472567700885,8
627,-0.725856393772946,0.526867504381066,-0.382430146726192,9
628,-0.697369289572238,0.486323926038489,-0.339147370803443,8
629,-0.935173471656124,0.874549422089368,-0.817855419190172,8
630,0.618269445919978,0.382257107758196,0.236337890212633,9
631,0.436420080965444,0.190462487069885,0.0831216540279189,5
632,-0.145401476186014,0.021141589277072,-0.00307401828980468,5
633,0.707518466211198,0.500582380029846,0.354171277731068,7
634,0.634502245377373,0.402593099388929,0.255446225535711,17
635,0.143773290498416,0.020670759060742,0.00297190304726283,5
636,0.67222581701885,0.45188754906666,0.303770476871981,4
637,-0.893036556803223,0.797514291786956,-0.712209417138783,14
638,-0.0757875174832188,0.00574374780626919,-0.000435304387286826,12
639,0.200594363385399,0.0402380986219937,0.00807153577691775,9
640,0.886743185231422,0.786313476554368,0.697258116790213,6
641,0.840189492449302,0.705918383222216,0.593105208110106,12
642,-0.13072534708417,0.0170891163702768,-0.0022339806688662,6
643,0.613725444665359,0.376658921429693,0.231165164041613,6
644,0.574148302607589,0.329646273387176,0.189265848326164,7
645,0.147357483707715,0.0217142280046694,0.00319975399942368,10
646,-0.25695305322202,0.0660248715601185,-0.0169652923359642,10
647,0.762323065455902,0.581136456126084,0.443013724682215,8
648,-0.696723708844855,0.48542392646653,-0.338206358409793,11
649,-0.461464241000789,0.212949245722434,-0.0982684620489934,9
650,-0.427408186140053,0.18267775757953,-0.0780779690151993,4
651,0.0785672211818309,0.00617280824423474,0.00048498039063782,10
652,0.463936997530322,0.21523753767745,0.0998566569858954,8
653,0.810206387041951,0.656434389603572,0.531847335130799,12
654,-0.501571493751904,0.251573963344517,-0.126182328583796,14
655,0.355736546494692,0.12654849051197,0.0450179229788446,11
656,-0.726909718715696,0.528397739163332,-0.384097451945227,12
657,0.693088482881714,0.480371645103276,0.332940054724023,11
658,-0.797456203299218,0.635936396180403,-0.507131424037811,12
659,-0.365018051765651,0.133238178114791,-0.0486343401962659,11
660,0.495572281358398,0.245591886050768,0.121708531253291,7
661,0.620440765916326,0.384946744010837,0.23883665269108,3
662,0.111815089181111,0.0125026141685798,0.00139798091825677,6
663,0.402782029769968,0.162233363505615,0.0653446834492006,7
664,0.436072037323469,0.190158821735441,0.0829229448092041,6
665,-0.154408117420551,0.0238418667253588,-0.00368137775685434,4
666,0.838977767225396,0.703883693898511,0.590542769893337,13
667,-0.0597565766140192,0.00357084844862715,-0.00021338167889744,6
668,-0.166691770933332,0.0277861464968905,-0.00463172196697967,2
669,0.285721207303937,0.0816366083032196,0.0233253102845946,4
670,0.132439609332851,0.0175402501202383,0.00232302387352485,6
671,0.638618113902005,0.407833095403755,0.260449602173562,4
672,-0.512825419242953,0.262989910621711,-0.134867911171245,11
673,-0.610625258886149,0.372863206789777,-0.227679692175127,8
674,0.103450593956165,0.0107020253898832,0.00110713088311737,5
675,0.919154876399468,0.844845686808922,0.776544032835479,8
676,0.75452176988538,0.569303101230966,0.429551583542024,6
677,0.713464541993081,0.509031652681397,0.363176034940314,3
678,0.814035837541838,0.662654344802442,0.539424384571994,9
679,-0.0464541474334228,0.00215798781376618,-0.000100247484060224,5
680,0.653425154366793,0.426964432359267,0.278989300123484,9
681,0.883772741073955,0.781054257865371,0.690274462401163,13
682,0.247818079456852,0.0614138005056828,0.0152194500934646,7
683,-0.336935389310328,0.113525456569702,-0.0382507439059454,12
684,0.528143507158543,0.278935564153726,0.147318007123395,6
685,0.119918864366143,0.0143805340308654,0.00172449730996005,13
686,0.0885886967268903,0.00784795718776894,0.000695240299232882,9
687,0.893903091957637,0.799062737811424,0.714284651997767,12
688,0.804982370337697,0.647996616554496,0.521625852364846,17
689,-0.701359034663475,0.491904495504081,-0.345001662113366,9
690,-0.779209784703349,0.607167888577439,-0.473111159737213,3
691,-0.913813231786684,0.835054622588424,-0.763083963385937,8
692,0.496947738685415,0.246957054984547,0.12272475002698,4
693,0.0591496727833858,0.00349868379038161,0.000206946001373608,9
694,-0.0908890663722808,0.00826082238602486,-0.000750818434133036,5
695,-0.783531551893667,0.613921692812898,-0.481027016710877,13
696,0.44181250501232,0.195198289585261,0.0862410452957846,7
697,-0.875345560386646,0.766229850088611,-0.670715897510791,8
698,0.0214269858983909,0.000459115724689841,9.83746615865873e-06,5
699,-0.234008111117732,0.054759796068889,-0.012814236443273,8
700,-0.763082239602261,0.582294504396402,-0.444338594522895,6
701,-0.678551446811959,0.460432065970603,-0.312426844522972,2
702,-0.0365924542522761,0.00133900770820492,-4.89975783059335e-05,9
703,-0.376912444091621,0.142062990511119,-0.0535453089685107,4
704,-0.398150494434378,0.15852381621834,-0.0631163358069566,10
705,-0.0287022518312529,0.000823819260184658,-2.36454678692565e-05,5
706,-0.432027537913233,0.18664779351537,-0.0806369866893829,8
707,-0.871435407988469,0.759399670296029,-0.661767761510729,13
708,-0.0234937686568425,0.000551957165701235,-1.29675539594713e-05,8
709,-0.129518388369391,0.0167750129258045,-0.00217267263902591,5
710,0.495979625105042,0.245995788519338,0.12200889896724,7
711,-0.694983444068849,0.483001987529799,-0.335678384785559,22
712,0.608389627338158,0.370137938652663,0.225188082560607,3
713,-0.391677515434225,0.153411276096728,-0.0600877474611603,12
714,-0.914179224809359,0.83572365507304,-0.764001203149515,9
715,-0.836092102296613,0.699050003522771,-0.584470187055808,9
716,0.621920899248308,0.386785604921824,0.240550051229282,10
717,-0.896714892758746,0.804097598895329,-0.72104629216099,6
718,0.00630836120923939,3.97954211462362e-05,2.51043891064262e-07,4
719,-0.297816802566985,0.0886948478912226,-0.026414816003129,10
720,0.39983544330385,0.159868381721986,0.0639210452760793,6
721,-0.0994092079574205,0.00988219062672167,-0.000982380743086646,5
722,0.0803223200643992,0.00645167510052779,0.000518213512376108,8
723,0.311932132032776,0.0973016549945132,0.0303515126927561,13
724,0.536716003044311,0.288064067923861,0.15460859515678,5
725,0.111016013448768,0.012324555242057,0.00136822299050228,1
726,-0.404384472769249,0.163526801816864,-0.0661276995363541,9
727,-0.292831120632345,0.085750065210795,-0.0251102876899738,13
728,-0.16241381409,0.0263782470072612,-0.00428419170545744,6
729,0.556912058915215,0.310151041365184,0.172726855021383,16
730,0.0753959410283951,0.00568454792355723,0.000428591840017607,6
731,-0.141291132267116,0.0199631840573238,-0.00282062087911612,9
732,0.916905295501396,0.840715320918502,0.77085632975933,7
733,-0.92034844362641,0.847041257685556,-0.779573103198259,13
734,-0.256602509910155,0.0658448480921912,-0.0168959532851091,10
735,0.100794031595945,0.0101594368053643,0.0010240105943569,9
736,0.254696082279022,0.0648700943282825,0.0165221588824842,2
737,-0.712601296270132,0.507800607445872,-0.361859371112689,8
738,0.52598786039043,0.276663229278103,0.145521500016696,8
739,0.697811449883405,0.48694081958838,0.339792879324381,8
740,0.227951127851287,0.0519617166886739,0.0118447319242723,9
741,0.753997930718503,0.568512879527784,0.428657534750767,4
742,0.383369421106656,0.146972113039653,0.0563446138948337,7
743,0.341999122599105,0.116963399858557,0.0400013801278349,10
744,-0.931630180273296,0.867934792796054,-0.808594247478054,7
745,0.487930024956345,0.238075709253899,0.116164286757755,5
746,0.3982325197421,0.158589139780142,0.0631553527383781,6
747,0.529784292709757,0.280671396801978,0.148695297438595,6
748,-0.483664032814608,0.233930896638491,-0.11314396086811,6
749,-0.189654988381234,0.0359690146178858,-0.00682170304943955,10
750,-0.396311467551992,0.157062779313214,-0.0622457805674145,15
751,-0.218708910424712,0.0478335874991648,-0.0104616318036475,9
752,-0.845477580423966,0.714832338999564,-0.604374716386156,14
753,-0.596596057204186,0.35592685547158,-0.212344558627429,8
754,-0.0296386864729817,0.00087845173584371,-2.60361555803183e-05,10
755,-0.913265268570191,0.834053450776583,-0.76171204872537,12
756,0.949809423500491,0.902137940970334,0.856859117630953,5
757,-0.168831644821689,0.028504124293197,-0.00481239818862232,2
758,-0.789567711717832,0.623417171387334,-0.492230069457901,4
759,-0.230227852146884,0.0530048639041675,-0.0122031959699944,5
760,0.53575021125121,0.287028288855716,0.153775466389523,4
761,-0.391659891085117,0.153397470284806,-0.0600796365044797,5
762,-0.909027637064632,0.826331244947309,-0.751157939027128,11
763,0.719783357298639,0.5180880814441,0.372911178638245,9
764,0.151468603418348,0.0229427378215049,0.00347510445641666,9
765,0.988761870671772,0.977650036894342,0.966663079341976,11
766,0.379206852340973,0.143797836862348,0.0545291250900117,4
767,-0.457141313382496,0.208978180401073,-0.0955325598568307,10
768,-0.815692480723166,0.665354223108312,-0.542724436806853,11
769,-0.756164714242409,0.571785075065304,-0.43236369789483,13
770,0.913316866636859,0.834147698883369,0.761841162656504,23
771,-0.177915989095706,0.0316540991759034,-0.00563177036381443,5
772,-0.84219220579999,0.709287711510253,-0.597356582303647,3
773,0.178058933146795,0.031704983673375,0.00564535556831771,5
774,0.494864786303775,0.244891156723481,0.12118800993965,4
775,0.112676007528853,0.0126958826726421,0.00143052137160806,4
776,-0.125118027795176,0.0156545208793545,-0.00195866277850324,8
777,-0.520039552228247,0.270441135881755,-0.140640087208046,4
778,-0.179611902426287,0.0322604354931902,-0.00579435819203241,7
779,0.676563344050407,0.45773795851267,0.309688723910138,9
780,0.113885915742344,0.0129700018044722,0.00147710053268217,10
781,0.177698595115021,0.031576790705852,0.00561115134667094,3
782,-0.93316685513237,0.870800379517638,-0.812602051602548,9
783,0.49811503516412,0.248118588256553,0.123591599314285,5
784,-0.205050222405381,0.0420455937084962,-0.00862145834109345,9
785,0.266428758815338,0.0709842835238813,0.0189122545546637,7
786,-0.0664590046347465,0.00441679929704126,-0.00029353608495281,17
787,-0.424280645553086,0.180014066190943,-0.0763764842121293,5
788,-0.524529815236835,0.275131527072388,-0.144314689061108,6
789,0.451946467565091,0.204255609544564,0.0923126012140204,6
790,-0.736829577650569,0.542917826500716,-0.400037912799488,10
791,-0.137835591032105,0.0189986501551697,-0.00261869017295001,10
792,0.787166738741258,0.619631474580548,0.487753287067007,6
793,-0.51137328333133,0.261502634905065,-0.133725461011197,7
794,0.966330283835719,0.93379421745802,0.902353631200362,14
795,0.738979441836584,0.54609061545711,0.403549738202692,10
796,-0.928881642354569,0.862821105503321,-0.80145868553811,12
797,0.796094976581711,0.633767211738636,0.504538893587326,9
798,-0.423967053397171,0.179748062366279,-0.0762072563552823,8
799,0.322945291070871,0.104293661024849,0.0336811467165167,7
800,-0.00554072692827434,3.06996548937044e-05,-1.70098404558277e-07,6
801,-0.894285916773877,0.799747300940093,-0.715202748208644,17
802,-0.892900918978024,0.797272051111799,-0.71188494711322,6
803,0.346896093260992,0.120336899519739,0.0417444003185381,8
804,0.701935590415476,0.492713573091923,0.345853192833998,3
805,-0.388122658887202,0.150639198341672,-0.0584664861930062,8
806,-0.338516125973494,0.114593167544103,-0.0387916351400612,6
807,0.65457480135068,0.428468170563282,0.280464467631549,3
808,0.386949780060761,0.149730132289071,0.0579380417577248,7
809,-0.0359426499768476,0.00129187408735818,-4.64333781360746e-05,4
810,0.490898377363226,0.240981216897848,0.118297288350169,11
811,-0.0480514048284016,0.00230893750598294,-0.000110947690823466,7
812,-0.303672162869855,0.0922167825020557,-0.0280036697952982,10
813,-0.588572431643134,0.346417507290312,-0.203891794629612,10
814,0.568757426418894,0.323485010106644,0.183984501833345,8
815,-0.63688505197508,0.4056225694293,-0.258334951213246,9
816,-0.333422277436739,0.111170415091102,-0.0370666929832627,9
817,-0.0755980724941168,0.00571506856482573,-0.000432048167672544,6
818,-0.600248484695968,0.360298243379806,-0.216268474627348,18
819,0.927740895089562,0.860703168421581,0.798509527877859,15
820,-0.316754968483433,0.10033371005894,-0.0317812011675456,12
821,-0.219711005173226,0.0482729257942294,-0.0106060930489027,11
822,-0.379134599401418,0.143743044463274,-0.0544979615793234,6
823,-0.85403994817633,0.729384233081028,-0.622923272621153,8
824,-0.644612256175212,0.415524960811297,-0.267852482485686,5
825,-0.860087429158165,0.739750385795902,-0.636250007537959,14
826,-0.215867861436976,0.0465989336013735,-0.0100592121417721,17
827,-0.16016830586571,0.0256538862038916,-0.00410893949214902,20
828,0.36451686050205,0.132872541590271,0.0484342817074138,6
829,-0.731002905809437,0.534365248301841,-0.390622549272227,11
830,-0.821309835013303,0.674549845089579,-0.554014421978771,12
831,-0.83758943808856,0.70155606679751,-0.587615951776547,10
832,0.388041908560136,0.150576522798993,0.0584300012912702,3
833,-0.264174350872167,0.069788087658731,-0.0184362227558552,12
834,-0.569103348507959,0.323878621282972,-0.184320407882281,8
835,-0.52067828680311,0.271105878348222,-0.141158944280604,7
836,-0.541146319610338,0.292839339227815,-0.158468930660255,7
837,-0.649351673128197,0.421657595394389,-0.273804065056559,14
838,0.999150826561717,0.998302374218962,0.9974546423594,15
839,-0.835034230636872,0.697282166335313,-0.58225447730262,7
840,-0.997433404335413,0.994873396084132,-0.99231995833893,11
841,0.196546869772966,0.0386306720175514,0.00759273766227586,9
842,-0.0388033368331785,0.00150569894938911,-5.84261435025085e-05,14
843,0.0639986486657913,0.00409582703104739,0.000262127395155853,5
844,-0.205821937742032,0.0423626700558847,-0.00871916683882852,5
845,0.513185226420839,0.263359076616608,0.135151987363477,6
846,0.603461244095893,0.364165473125763,0.219759749469242,11
847,0.77661456670093,0.603130185212073,0.468399687452726,16
848,-0.426380682116718,0.181800486082318,-0.0775162152649297,10
849,0.202118057469909,0.0408517091554093,0.00825686809881701,4
850,0.230199007222948,0.0529915829264309,0.0121986097808369,8
851,-0.113225095783062,0.0128199223150835,-0.00145153693205673,6
852,0.295209631038843,0.0871487262580897,0.0257271433241558,9
853,0.66749279173295,0.445546627015448,0.297399161913741,6
854,-0.0231137284952125,0.0005342444449504,-1.23483810506591e-05,6
855,-0.991030991649565,0.98214242640992,-0.973333582786133,10
856,-0.742391179243867,0.551144663019099,-0.409164936312713,15
857,0.30765109996218,0.0946491993079391,0.0291189302776271,6
858,-0.0811956436293317,0.00659273254438144,-0.000535301162217093,12
859,0.499556179606277,0.249556376582819,0.124667430082099,5
860,0.905552137586048,0.82002467388666,0.742575096311367,11
861,-0.913173143068743,0.833885189222047,-0.76148155920037,12
862,-0.243776720466464,0.0594270894413844,-0.0144869409708879,14
863,0.35597160207739,0.126715781485544,0.0451072197438975,13
864,-0.363480703560328,0.132118221860711,-0.0480224242350709,18
865,-0.151514664772088,0.0229566936409983,-0.00347827574129139,9
866,0.223727533240136,0.050054009129716,0.0111984599913706,7
867,0.831677013786614,0.691686655261019,0.575259891923535,6
868,0.85519674212994,0.731361467749664,0.625457944538884,12
869,-0.508258651807087,0.258326857136757,-0.13129686013389,9
870,0.605105982180272,0.366153249670352,0.221561521770277,7
871,-0.854312887168912,0.729850509182883,-0.623520695701729,8
872,0.0297809934994044,0.000886907573811569,2.64129886902549e-05,6
873,-0.717224384509631,0.514410817735219,-0.368947982135238,8
874,0.59141832257713,0.349775632279946,0.206863717721361,3
875,-0.642959522686209,0.413396947812878,-0.265797504245704,12
876,0.094568974400373,0.00894329091913841,0.000845757849987089,1
877,-0.33390028156127,0.111489398026696,-0.0372263413922103,8
878,0.425460265292592,0.181016437342843,0.0770153014542057,9
879,0.352807032103373,0.124472801901591,0.0439148798164913,3
880,0.674875692482716,0.455457200304026,0.307376993451419,8
881,-0.181432997623104,0.0329179326265051,-0.00597239919198219,6
882,-0.954336072352204,0.91075733899263,-0.869168581760171,5
883,0.881935954953773,0.777811028640224,0.685979512317392,12
884,0.586885162849037,0.344434194372341,0.202143318254988,6
885,-0.883965958850958,0.781395816407293,-0.6907273020926,10
886,-0.225778418321602,0.0509758941798043,-0.0115092567604456,7
887,-0.684535928475712,0.468589437374106,-0.320766305586795,7
888,0.700472728461332,0.490662043318063,0.343695380235416,4
889,0.228997471599738,0.0524398419990729,0.0120085912288775,8
890,0.0337226627860912,0.00113721798538442,3.83500186353966e-05,2
891,-0.205053925344086,0.042047112299018,-0.00862192542629724,6
892,0.203845878844497,0.0415531423218852,0.00847043681535513,5
893,0.367307508172675,0.13491480556002,0.0495552210458517,6
894,-0.949309485797126,0.901188499824403,-0.855506791374587,19
895,0.466510757859761,0.217632287198889,0.101527803235907,13
896,-0.949558146140538,0.901660672901856,-0.856179237008517,15
897,-0.0607033005079645,0.00368489069256024,-0.000223685027049485,13
898,0.486921087780601,0.237092145725444,0.11544516550087,4
899,-0.15777990015646,0.0248944968933826,-0.00392785123428323,2
900,0.0850849623406804,0.007239450816515,0.000615968400090387,6
901,0.898951075649724,0.808113036411795,0.726454083328948,8
902,0.480743495441946,0.23111430840974,0.111106700471546,3
903,-0.717747860460689,0.515161991195897,-0.369756416971524,8
904,0.998051400218355,0.996106597477818,0.994165584379478,17
905,0.278257519905524,0.0774272473839729,0.0215447138301758,1
906,-0.766391958067989,0.587356633391287,-0.45014540034897,9
907,-0.593357756281629,0.352073426939569,-0.208905498655246,14
908,0.687011641023215,0.471984994901411,0.324259185885553,8
909,0.610474004643394,0.372678510345342,0.227510542655056,8
910,0.45802877908129,0.209790362466697,0.0960900235836426,1
911,-0.00871316005910361,7.59191582155584e-05,-6.61495777084571e-07,13
912,-0.605935279331372,0.367157562738388,-0.222473720336511,11
913,-0.0753192186716258,0.00567298470130419,-0.000427284775238318,4
914,-0.95239079273567,0.907048222087678,-0.863864375283563,10
915,0.243568616428832,0.0593256709090555,0.0144498715820309,3
916,-0.67726039152797,0.45868163793262,-0.310646905692937,8
917,0.688643097515826,0.474229315756192,0.326574744935155,2
918,-0.27475221530939,0.0754887798174174,-0.0207407094858382,9
919,0.582071220529324,0.338806905768497,0.197209749164433,4
920,0.723928171330049,0.524071997245269,0.379390482611054,14
921,0.481742086554793,0.232075437958166,0.111800505720084,10
922,-0.92020470050052,0.846776690823252,-0.779207891169832,6
923,0.909142877993308,0.826540772605954,0.75144365678579,7
924,-0.58295029687403,0.33983104862552,-0.19810461068326,9
925,0.953791575518472,0.909718369530009,0.867681716952122,8
926,-0.158302797756177,0.025059775777433,-0.00396703261671011,5
927,-0.0527377484997019,0.00278127011681781,-0.000146677923930474,7
928,0.699045059326047,0.488663994968156,0.341598151353018,6
929,0.424058331395041,0.179825468425547,0.0762564880828691,7
930,-0.703637767821945,0.49510610830545,-0.348375356883057,15
931,0.751115198524626,0.564174041454688,0.423759697149678,12
932,0.693928837626185,0.481537231689228,0.334152571459837,10
933,-0.0150501976228864,0.000226508448487935,-3.40899691299681e-06,6
934,-0.839324054392925,0.704464868282577,-0.591274309424311,10
935,0.201266811838814,0.0405083295477605,0.00815298234099378,8
936,-0.0332767054726354,0.00110733912711252,-3.68485979912486e-05,3
937,-0.847050320751186,0.717494245884687,-0.607753731113755,8
938,0.637457670095078,0.406352281163046,0.259032378388015,12
939,0.0114474869260954,0.000131044956923126,1.50013543110822e-06,0
940,0.917763043626967,0.842289004247434,0.773021720151652,3
941,0.739623904045511,0.547043519435523,0.404606463527698,10
942,-0.444865682282694,0.197905475272847,-0.0880413542847358,9
943,0.885277895319229,0.783716951940843,0.693807293740191,15
944,-0.0549235319362132,0.00301659436034824,-0.000165682016689187,4
945,0.694145962454636,0.481838617192073,0.334466330678602,7
946,0.627476541308212,0.393726809892117,0.247054336891422,4
947,0.998084491042079,0.996172651258725,0.994264473621602,6
948,0.86145550854745,0.742105593206746,0.639290951191825,2
949,0.572330606738307,0.327562323409438,0.187473943301533,5
950,0.316352113711779,0.10007865984991,0.0316600955809612,7
951,-0.730215764976365,0.533215063420019,-0.38936204543217,5
952,-0.276945231397306,0.0766986611937071,-0.0212413284721548,15
953,-0.774962467442626,0.600566825944764,-0.46541674929834,22
954,-0.452599592005631,0.204846390683664,-0.0927133928472525,13
955,-0.661290640417018,0.43730531110315,-0.289185909237166,10
956,0.963385387720141,0.928111405272687,0.894128966016113,7
957,0.631191671957487,0.398402926748488,0.251468609447134,8
958,-0.560904190986306,0.314613511466002,-0.176468037122199,3
959,0.823319730723974,0.677855378999397,0.55809170810758,10
960,0.628667105019731,0.395222328933889,0.248463277370024,12
961,0.450633766480956,0.203070791492813,0.0915105556326752,7
962,-0.909526772899228,0.827238950620484,-0.752395973174393,13
963,0.861930346175102,0.74292392165753,0.640348672976039,8
964,0.0905773396555574,0.00820425445907821,0.000743119542760548,10
965,0.537723761165628,0.289146843322109,0.155481128120333,12
966,0.779404154526422,0.607470836093047,0.47346529340456,4
967,-0.500039739070189,0.250039740649383,-0.125029806671495,15
968,0.00482036378912221,2.32359070594806e-05,1.12005524996929e-07,5
969,-0.16679662947753,0.0278211156050644,-0.00464046831122945,9
970,0.891635883916489,0.795014549487538,0.70886350055879,16
971,-0.575465098717249,0.331160079841653,-0.190571068037289,11
972,0.636641416117159,0.405312292715661,0.258038592004191,9
973,0.997488800335693,0.994983906795139,0.992485303542404,13
974,0.678520280100752,0.460389770508003,0.312383796040611,0
975,0.877019337110065,0.769162917664977,0.674570752180181,19
976,0.310588021162231,0.0964649188894707,0.0299608482694559,3
977,-0.633591222804433,0.401437837614817,-0.254347490414339,7
978,-0.751772306231977,0.565161600417345,-0.424872839739502,11
979,-0.754935750236956,0.569927986985835,-0.430259012436189,12
980,-0.662092932006341,0.438367050612753,-0.290239725835169,17
981,-0.20419615766074,0.0416960708034099,-0.00851417744760647,5
982,0.653716704910452,0.427345530278979,0.279362911912184,5
983,-0.356112838082809,0.126816353447393,-0.0451609315414637,6
984,-0.815388450456507,0.664858325137864,-0.542117799507271,8
985,0.655806521139741,0.43008219316941,0.282050706906581,6
986,0.862699549734667,0.744250513112398,0.642064582551861,11
987,0.554151509728762,0.307083895734666,0.170171004434755,10
988,-0.909237481744226,0.826712798208581,-0.751678262768893,5
989,-0.378786311752919,0.143479069971379,-0.0543479077281976,17
990,-0.0952105709296228,0.00906505281674474,-0.000863088854189452,7
991,-0.703233649245507,0.494537565431153,-0.347775456827138,8
992,-0.764124240593372,0.583885855062398,-0.446161335592767,12
993,0.018619539961815,0.000346687268389625,6.4551574480331e-06,14
994,-0.327245088360774,0.107089347856251,-0.0350444631017165,7
995,0.757302932035202,0.573507730869114,0.434319086132036,5
996,0.439001369175556,0.192722202138013,0.0846053106091159,3
997,0.50086339240626,0.250864137852708,0.125648663117979,9
998,0.39458681081164,0.155698751266501,0.0614366737096033,5
999,0.526506049223021,0.277208619868434,0.145952015257495,7
